,FAMD,Laplacian,UMAP,PaCMAP
CH,1.1809274970805865,1.2778637896971294,2.274549766305975,2.0647004145312375
DB,2.164439837557187,2.0695846071597988,1.0452571875992753,1.304482781385542
Silhouette,-0.044563908377055046,-0.0505491009742204,-0.7223477959632874,-0.9257394075393677
